Workbook

Sheet Task 5
C1: TASK 5: CAMPAIGN EFFECTIVENESS
M2: Campaign status | N2: During | R2: Campaign status | S2: During
A3: 5.1.1) Total and average impressions, likes, clicks per campaign | I3: 5.1.2) Engagement uplift during vs before campaign | M3: 5.2.1) Campaign with highest ROI | R3: 5.2.2) Campaign with strongest follower growth
A4: Campaigns | B4: Total Impressions | C4: Average Impressions | D4: Total Likes | E4: Average Likes | F4: Total Clicks | G4: Average Clicks | I4: Campaign | J4: Average of Engagement Rate | K4: Engagement Uplift (%) | M4: Campaign | N4: Average Engagement_Rate | O4: Average Ad_Spend | P4: ROI | R4: Campaign | S4: Sum of Net follower growth
A5: ChillVibes | B5: 6331868 | C5: 41116.026 | D5: 471034 | E5: 3058.6623 | F5: 28708 | G5: 186.41558 | I5: ChillVibes | K5: =((GETPIVOTDATA("Engagement Rate",$I$4,"Campaign_Name","ChillVibes","Campaign status","During")-GETPIVOTDATA("Engagement Rate",$I$4,"Campaign_Name","ChillVibes","Campaign status","Before")) / GETPIVOTDATA("Engagement Rate",$I$4,"Campaign_Name","ChillVibes","Campaign status","Before")) * 100 -> 28.705719 | M5: ChillVibes | N5: 6.2493333 | O5: 13430.667 | P5: =( GETPIVOTDATA("Average Engagement_Rate",$M$4,"Campaign name","ChillVibes") / GETPIVOTDATA("Average Ad_Spend",$M$4,"Campaign name","ChillVibes") ) * 100 -> 0.046530329 | R5: SummerBeats | S5: 13558
A6: IndieWave | B6: 4039305 | C6: 42971.33 | D6: 274455 | E6: 2919.734 | F6: 18717 | G6: 199.11702 | I6: Before | J6: 0.093905542 | M6: IndieWaves | N6: 6.9173333 | O6: 16422 | P6: =(GETPIVOTDATA("Average Engagement_Rate",$M$4,"Campaign name","IndieWaves") / GETPIVOTDATA("Average Ad_Spend",$M$4,"Campaign name","IndieWaves")) * 100 -> 0.042122356 | R6: IndieWaves | S6: 12726
A7: SummerBeats | B7: 1233853 | C7: 42546.655 | D7: 89871 | E7: 3099 | F7: 5557 | G7: 191.62069 | I7: During | J7: 0.1208618 | M7: SummerBeats | N7: 7.1393333 | O7: 16849.4 | P7: =( GETPIVOTDATA("Average Engagement_Rate",$M$4,"Campaign name","SummerBeats") / GETPIVOTDATA("Average Ad_Spend",$M$4,"Campaign name","SummerBeats")) * 100 -> 0.04237144 | R7: Wrapped2024 | S7: 11361
A8: Wrapped2024 | B8: 865406 | C8: 37626.348 | D8: 61815 | E8: 2687.6087 | F8: 4614 | G8: 200.6087 | I8: IndieWave | K8: =((GETPIVOTDATA("Engagement Rate",$I$4,"Campaign_Name","IndieWave","Campaign status","During")-GETPIVOTDATA("Engagement Rate",$I$4,"Campaign_Name","IndieWave","Campaign status","Before")) / GETPIVOTDATA("Engagement Rate",$I$4,"Campaign_Name","IndieWave","Campaign status","Before")) * 100 -> 28.290476 | M8: Wrapped2024 | N8: 6.1106667 | O8: 16255.133 | P8: =(GETPIVOTDATA("Average Engagement_Rate",$M$4,"Campaign name","Wrapped2024") / GETPIVOTDATA("Average Ad_Spend",$M$4,"Campaign name","Wrapped2024")) * 100 -> 0.037592227 | R8: ChillVibes | S8: 10142
A9: Grand Total | B9: 12470432 | C9: 41568.107 | D9: 897175 | E9: 2990.5833 | F9: 57596 | G9: 191.98667 | I9: Before | J9: 0.086490218 | R9: Grand Total | S9: 47787
I10: During | J10: 0.11095871
I11: SummerBeats | K11: =((GETPIVOTDATA("Engagement Rate",$I$4,"Campaign_Name","SummerBeats","Campaign status","During")-GETPIVOTDATA("Engagement Rate",$I$4,"Campaign_Name","SummerBeats","Campaign status","Before")) / GETPIVOTDATA("Engagement Rate",$I$4,"Campaign_Name","SummerBeats","Campaign status","Before")) * 100 -> -13.6172
I12: Before | J12: 0.090961113
I13: During | J13: 0.078574757
I14: Wrapped2024 | K14: =((GETPIVOTDATA("Engagement Rate",$I$4,"Campaign_Name","Wrapped2024","Campaign Status","During")-GETPIVOTDATA("Engagement Rate",$I$4,"Campaign_Name","Wrapped2024","Campaign Status","Before")) / GETPIVOTDATA("Engagement Rate",$I$4,"Campaign_Name","Wrapped2024","Campaign Status","Before") ) * 100 -> 0.10990207
I15: Before | J15: 0.095499997
I16: During | J16: 0.095604953

Sheet Post (5.1)
A1: Post ID | B1: Platform | C1: Date | D1: Content Type | E1: Post Text | F1: Likes | G1: Shares | H1: Comments | I1: Impressions | J1: Reach | K1: Clicks | L1: Hashtags Used | M1: Campaign_Name | N1: Engagement Rate | O1: Campaign start date | P1: Campaign end date | Q1: Campaign status
A2: SP001 | B2: Instagram | C2: 45781 | D2: Text | E2: Discover fresh beats on Spotify! | F2: 2414 | G2: 245 | H2: 137 | I2: 21181 | J2: 45292 | K2: 133 | L2: #SoundtrackOfLife,#NowPlaying | M2: ChillVibes | N2: =( Posts__2[[#This Row],[Likes]]+Posts__2[[#This Row],[Comments]]+Posts__2[[#This Row],[Shares]] ) / Posts__2[[#This Row],[Impressions]] -> 0.1320051 | O2: =_xlfn.XLOOKUP(Posts__2[[#This Row],[Campaign_Name]],'Campaign Metadata'!A:A,'Campaign Metadata'!B:B) -> 45667 | P2: =_xlfn.XLOOKUP(Posts__2[[#This Row],[Campaign_Name]],'Campaign Metadata'!A:A,'Campaign Metadata'!C:C) -> 45698 | Q2: =IF(AND(Posts__2[[#This Row],[Date]]>=Posts__2[[#This Row],[Campaign start date]],Posts__2[[#This Row],[Date]]<=Posts__2[[#This Row],[Campaign end date]]),"During","Before") -> Before
A3: SP002 | B3: Instagram | C3: 45689 | D3: Text | E3: Explore the latest podcasts now. | F3: 1934 | G3: 210 | H3: 393 | I3: 29129 | J3: 73287 | K3: 273 | L3: #DiscoverWeekly | M3: IndieWave | N3: =( Posts__2[[#This Row],[Likes]]+Posts__2[[#This Row],[Comments]]+Posts__2[[#This Row],[Shares]] ) / Posts__2[[#This Row],[Impressions]] -> 0.087095335 | O3: =_xlfn.XLOOKUP(Posts__2[[#This Row],[Campaign_Name]],'Campaign Metadata'!A:A,'Campaign Metadata'!B:B) -> 45717 | P3: =_xlfn.XLOOKUP(Posts__2[[#This Row],[Campaign_Name]],'Campaign Metadata'!A:A,'Campaign Metadata'!C:C) -> 45747 | Q3: =IF(AND(Posts__2[[#This Row],[Date]]>=Posts__2[[#This Row],[Campaign start date]],Posts__2[[#This Row],[Date]]<=Posts__2[[#This Row],[Campaign end date]]),"During","Before") -> Before
A4: SP003 | B4: Twitter | C4: 45629 | D4: Story | E4: New music just dropped. Hit play! | F4: 3092 | G4: 177 | H4: 81 | I4: 47533 | J4: 29220 | K4: 121 | L4: #MusicForEveryone,#NowPlaying | M4: ChillVibes | N4: =( Posts__2[[#This Row],[Likes]]+Posts__2[[#This Row],[Comments]]+Posts__2[[#This Row],[Shares]] ) / Posts__2[[#This Row],[Impressions]] -> 0.070477353 | O4: =_xlfn.XLOOKUP(Posts__2[[#This Row],[Campaign_Name]],'Campaign Metadata'!A:A,'Campaign Metadata'!B:B) -> 45667 | P4: =_xlfn.XLOOKUP(Posts__2[[#This Row],[Campaign_Name]],'Campaign Metadata'!A:A,'Campaign Metadata'!C:C) -> 45698 | Q4: =IF(AND(Posts__2[[#This Row],[Date]]>=Posts__2[[#This Row],[Campaign start date]],Posts__2[[#This Row],[Date]]<=Posts__2[[#This Row],[Campaign end date]]),"During","Before") -> Before
A5: SP004 | B5: Instagram | C5: 45629 | D5: Text | E5: Wrapped is here! Relive your top tracks 🎧 | F5: 3173 | G5: 229 | H5: 197 | I5: 29604 | J5: 21809 | K5: 272 | L5: #SoundtrackOfLife,#NowPlaying | M5: ChillVibes | N5: =( Posts__2[[#This Row],[Likes]]+Posts__2[[#This Row],[Comments]]+Posts__2[[#This Row],[Shares]] ) / Posts__2[[#This Row],[Impressions]] -> 0.12157141 | O5: =_xlfn.XLOOKUP(Posts__2[[#This Row],[Campaign_Name]],'Campaign Metadata'!A:A,'Campaign Metadata'!B:B) -> 45667 | P5: =_xlfn.XLOOKUP(Posts__2[[#This Row],[Campaign_Name]],'Campaign Metadata'!A:A,'Campaign Metadata'!C:C) -> 45698 | Q5: =IF(AND(Posts__2[[#This Row],[Date]]>=Posts__2[[#This Row],[Campaign start date]],Posts__2[[#This Row],[Date]]<=Posts__2[[#This Row],[Campaign end date]]),"During","Before") -> Before
A6: SP005 | B6: YouTube | C6: 45388 | D6: Text | E6: Music that moves you-only on Spotify. | F6: 2748 | G6: 145 | H6: 315 | I6: 24401 | J6: 61182 | K6: 200 | L6: #DiscoverWeekly,#SpotifyWrapped | M6: IndieWave | N6: =( Posts__2[[#This Row],[Likes]]+Posts__2[[#This Row],[Comments]]+Posts__2[[#This Row],[Shares]] ) / Posts__2[[#This Row],[Impressions]] -> 0.13147002 | O6: =_xlfn.XLOOKUP(Posts__2[[#This Row],[Campaign_Name]],'Campaign Metadata'!A:A,'Campaign Metadata'!B:B) -> 45717 | P6: =_xlfn.XLOOKUP(Posts__2[[#This Row],[Campaign_Name]],'Campaign Metadata'!A:A,'Campaign Metadata'!C:C) -> 45747 | Q6: =IF(AND(Posts__2[[#This Row],[Date]]>=Posts__2[[#This Row],[Campaign start date]],Posts__2[[#This Row],[Date]]<=Posts__2[[#This Row],[Campaign end date]]),"During","Before") -> Before
A7: SP006 | B7: YouTube | C7: 45456 | D7: Text | E7: What's your vibe today? #SpotifyHits | F7: 3882 | G7: 239 | H7: 275 | I7: 58748 | J7: 44646 | K7: 149 | L7: #DiscoverWeekly,#SpotifyWrapped | M7: IndieWave | N7: =( Posts__2[[#This Row],[Likes]]+Posts__2[[#This Row],[Comments]]+Posts__2[[#This Row],[Shares]] ) / Posts__2[[#This Row],[Impressions]] -> 0.074828079 | O7: =_xlfn.XLOOKUP(Posts__2[[#This Row],[Campaign_Name]],'Campaign Metadata'!A:A,'Campaign Metadata'!B:B) -> 45717 | P7: =_xlfn.XLOOKUP(Posts__2[[#This Row],[Campaign_Name]],'Campaign Metadata'!A:A,'Campaign Metadata'!C:C) -> 45747 | Q7: =IF(AND(Posts__2[[#This Row],[Date]]>=Posts__2[[#This Row],[Campaign start date]],Posts__2[[#This Row],[Date]]<=Posts__2[[#This Row],[Campaign end date]]),"During","Before") -> Before
A8: SP007 | B8: Twitter | C8: 45645 | D8: Story | E8: Get into the groove with our new drop! | F8: 4674 | G8: 409 | H8: 327 | I8: 20756 | J8: 63599 | K8: 212 | L8: #SoundtrackOfLife,#NowPlaying | M8: ChillVibes | N8: =( Posts__2[[#This Row],[Likes]]+Posts__2[[#This Row],[Comments]]+Posts__2[[#This Row],[Shares]] ) / Posts__2[[#This Row],[Impressions]] -> 0.26064752 | O8: =_xlfn.XLOOKUP(Posts__2[[#This Row],[Campaign_Name]],'Campaign Metadata'!A:A,'Campaign Metadata'!B:B) -> 45667 | P8: =_xlfn.XLOOKUP(Posts__2[[#This Row],[Campaign_Name]],'Campaign Metadata'!A:A,'Campaign Metadata'!C:C) -> 45698 | Q8: =IF(AND(Posts__2[[#This Row],[Date]]>=Posts__2[[#This Row],[Campaign start date]],Posts__2[[#This Row],[Date]]<=Posts__2[[#This Row],[Campaign end date]]),"During","Before") -> Before
A9: SP008 | B9: Twitter | C9: 45421 | D9: Story | E9: Wrapped is here! Relive your top tracks 🎧 | F9: 1428 | G9: 347 | H9: 67 | I9: 21148 | J9: 19712 | K9: 120 | L9: #DiscoverWeekly,#MusicForEveryone | M9: ChillVibes | N9: =( Posts__2[[#This Row],[Likes]]+Posts__2[[#This Row],[Comments]]+Posts__2[[#This Row],[Shares]] ) / Posts__2[[#This Row],[Impressions]] -> 0.087100435 | O9: =_xlfn.XLOOKUP(Posts__2[[#This Row],[Campaign_Name]],'Campaign Metadata'!A:A,'Campaign Metadata'!B:B) -> 45667 | P9: =_xlfn.XLOOKUP(Posts__2[[#This Row],[Campaign_Name]],'Campaign Metadata'!A:A,'Campaign Metadata'!C:C) -> 45698 | Q9: =IF(AND(Posts__2[[#This Row],[Date]]>=Posts__2[[#This Row],[Campaign start date]],Posts__2[[#This Row],[Date]]<=Posts__2[[#This Row],[Campaign end date]]),"During","Before") -> Before
A10: SP009 | B10: Twitter | C10: 45823 | D10: Text | E10: Top trending tracks updated daily! | F10: 4432 | G10: 223 | H10: 299 | I10: 59016 | J10: 21742 | K10: 171 | L10: #NowPlaying | M10: ChillVibes | N10: =( Posts__2[[#This Row],[Likes]]+Posts__2[[#This Row],[Comments]]+Posts__2[[#This Row],[Shares]] ) / Posts__2[[#This Row],[Impressions]] -> 0.083943337 | O10: =_xlfn.XLOOKUP(Posts__2[[#This Row],[Campaign_Name]],'Campaign Metadata'!A:A,'Campaign Metadata'!B:B) -> 45667 | P10: =_xlfn.XLOOKUP(Posts__2[[#This Row],[Campaign_Name]],'Campaign Metadata'!A:A,'Campaign Metadata'!C:C) -> 45698 | Q10: =IF(AND(Posts__2[[#This Row],[Date]]>=Posts__2[[#This Row],[Campaign start date]],Posts__2[[#This Row],[Date]]<=Posts__2[[#This Row],[Campaign end date]]),"During","Before") -> Before
A11: SP010 | B11: Twitter | C11: 45630 | D11: Text | E11: Wrapped is here! Relive your top tracks 🎧 | F11: 2357 | G11: 274 | H11: 172 | I11: 21566 | J11: 66829 | K11: 284 | L11: #NowPlaying | M11: ChillVibes | N11: =( Posts__2[[#This Row],[Likes]]+Posts__2[[#This Row],[Comments]]+Posts__2[[#This Row],[Shares]] ) / Posts__2[[#This Row],[Impressions]] -> 0.12997311 | O11: =_xlfn.XLOOKUP(Posts__2[[#This Row],[Campaign_Name]],'Campaign Metadata'!A:A,'Campaign Metadata'!B:B) -> 45667 | P11: =_xlfn.XLOOKUP(Posts__2[[#This Row],[Campaign_Name]],'Campaign Metadata'!A:A,'Campaign Metadata'!C:C) -> 45698 | Q11: =IF(AND(Posts__2[[#This Row],[Date]]>=Posts__2[[#This Row],[Campaign start date]],Posts__2[[#This Row],[Date]]<=Posts__2[[#This Row],[Campaign end date]]),"During","Before") -> Before
A12: SP011 | B12: Twitter | C12: 45357 | D12: Text | E12: Discover fresh beats on Spotify! | F12: 1971 | G12: 370 | H12: 306 | I12: 31316 | J12: 27897 | K12: 88 | L12: #SoundtrackOfLife | M12: IndieWave | N12: =( Posts__2[[#This Row],[Likes]]+Posts__2[[#This Row],[Comments]]+Posts__2[[#This Row],[Shares]] ) / Posts__2[[#This Row],[Impressions]] -> 0.084525482 | O12: =_xlfn.XLOOKUP(Posts__2[[#This Row],[Campaign_Name]],'Campaign Metadata'!A:A,'Campaign Metadata'!B:B) -> 45717 | P12: =_xlfn.XLOOKUP(Posts__2[[#This Row],[Campaign_Name]],'Campaign Metadata'!A:A,'Campaign Metadata'!C:C) -> 45747 | Q12: =IF(AND(Posts__2[[#This Row],[Date]]>=Posts__2[[#This Row],[Campaign start date]],Posts__2[[#This Row],[Date]]<=Posts__2[[#This Row],[Campaign end date]]),"During","Before") -> Before
A13: SP012 | B13: Instagram | C13: 45426 | D13: Text | E13: Discover fresh beats on Spotify! | F13: 1485 | G13: 353 | H13: 244 | I13: 38419 | J13: 38556 | K13: 86 | L13: #SoundtrackOfLife,#NowPlaying | M13: ChillVibes | N13: =( Posts__2[[#This Row],[Likes]]+Posts__2[[#This Row],[Comments]]+Posts__2[[#This Row],[Shares]] ) / Posts__2[[#This Row],[Impressions]] -> 0.054191936 | O13: =_xlfn.XLOOKUP(Posts__2[[#This Row],[Campaign_Name]],'Campaign Metadata'!A:A,'Campaign Metadata'!B:B) -> 45667 | P13: =_xlfn.XLOOKUP(Posts__2[[#This Row],[Campaign_Name]],'Campaign Metadata'!A:A,'Campaign Metadata'!C:C) -> 45698 | Q13: =IF(AND(Posts__2[[#This Row],[Date]]>=Posts__2[[#This Row],[Campaign start date]],Posts__2[[#This Row],[Date]]<=Posts__2[[#This Row],[Campaign end date]]),"During","Before") -> Before
... A301: SP300 | B301: Instagram | C301: 45329 | D301: Text | E301: Music that moves you-only on Spotify. | F301: 1883 | G301: 432 | H301: 397 | I301: 28759 | J301: 18691 | K301: 270 | L301: #SoundtrackOfLife,#NowPlaying | M301: ChillVibes | N301: =( Posts__2[[#This Row],[Likes]]+Posts__2[[#This Row],[Comments]]+Posts__2[[#This Row],[Shares]] ) / Posts__2[[#This Row],[Impressions]] -> 0.094300914 | O301: =_xlfn.XLOOKUP(Posts__2[[#This Row],[Campaign_Name]],'Campaign Metadata'!A:A,'Campaign Metadata'!B:B) -> 45667 | P301: =_xlfn.XLOOKUP(Posts__2[[#This Row],[Campaign_Name]],'Campaign Metadata'!A:A,'Campaign Metadata'!C:C) -> 45698 | Q301: =IF(AND(Posts__2[[#This Row],[Date]]>=Posts__2[[#This Row],[Campaign start date]],Posts__2[[#This Row],[Date]]<=Posts__2[[#This Row],[Campaign end date]]),"During","Before") -> Before

Sheet Campaign Metadata
A1: Campaign_Name | B1: Start_Date | C1: End_Date | D1: Objective | E1: Total_Budget | F1: Target_Platforms | G1: Primary_Hashtags
A2: SummerBeats | B2: 45458 | C2: 45488 | D2: Brand Awareness | E2: 175000 | F2: Instagram,YouTube | G2: #SpotifyWrapped,#MusicForEveryone
A3: Wrapped2024 | B3: 45627 | C3: 45657 | D3: Engagement | E3: 225000 | F3: Twitter,YouTube | G3: #SpotifyWrapped,#NowPlaying
A4: ChillVibes | B4: 45667 | C4: 45698 | D4: Product Launch | E4: 200000 | F4: Instagram,Twitter | G4: #ChillVibes,#SoundtrackOfLife
A5: IndieWave | B5: 45717 | C5: 45747 | D5: Traffic | E5: 160000 | F5: Facebook,Instagram | G5: #DiscoverWeekly,#IndieWave

Sheet Engagement Summary
A1: Week_Start_Date | B1: Platform | C1: New_Followers | D1: Unfollows | E1: Total_Followers | F1: Engagement_Rate | G1: Ad_Spend | H1: Net follower growth | I1: Campaign name | J1: Campaign status
A2: 45446 | B2: Instagram | C2: 1402 | D2: 68 | E2: 124562 | F2: 9.92 | G2: 23125 | H2: =Engagement_Summary68[[#This Row],[New_Followers]]-Engagement_Summary68[[#This Row],[Unfollows]] -> 1334
A3: 45446 | B3: Twitter | C3: 995 | D3: 86 | E3: 227958 | F3: 8.05 | G3: 22788 | H3: =Engagement_Summary68[[#This Row],[New_Followers]]-Engagement_Summary68[[#This Row],[Unfollows]] -> 909
A4: 45446 | B4: YouTube | C4: 1472 | D4: 296 | E4: 370242 | F4: 7.72 | G4: 7810 | H4: =Engagement_Summary68[[#This Row],[New_Followers]]-Engagement_Summary68[[#This Row],[Unfollows]] -> 1176
A5: 45453 | B5: Instagram | C5: 1018 | D5: 90 | E5: 92474 | F5: 9.4 | G5: 11966 | H5: =Engagement_Summary68[[#This Row],[New_Followers]]-Engagement_Summary68[[#This Row],[Unfollows]] -> 928
A6: 45453 | B6: Twitter | C6: 1461 | D6: 64 | E6: 328902 | F6: 9.02 | G6: 26298 | H6: =Engagement_Summary68[[#This Row],[New_Followers]]-Engagement_Summary68[[#This Row],[Unfollows]] -> 1397
A7: 45453 | B7: YouTube | C7: 545 | D7: 93 | E7: 391621 | F7: 9.96 | G7: 22029 | H7: =Engagement_Summary68[[#This Row],[New_Followers]]-Engagement_Summary68[[#This Row],[Unfollows]] -> 452
A8: 45460 | B8: Instagram | C8: 881 | D8: 291 | E8: 95885 | F8: 5.29 | G8: 12391 | H8: =Engagement_Summary68[[#This Row],[New_Followers]]-Engagement_Summary68[[#This Row],[Unfollows]] -> 590 | I8: SummerBeats | J8: During
A9: 45460 | B9: Twitter | C9: 1414 | D9: 131 | E9: 245947 | F9: 8.3 | G9: 14477 | H9: =Engagement_Summary68[[#This Row],[New_Followers]]-Engagement_Summary68[[#This Row],[Unfollows]] -> 1283 | I9: SummerBeats | J9: During
A10: 45460 | B10: YouTube | C10: 1472 | D10: 170 | E10: 250428 | F10: 4.66 | G10: 25040 | H10: =Engagement_Summary68[[#This Row],[New_Followers]]-Engagement_Summary68[[#This Row],[Unfollows]] -> 1302 | I10: SummerBeats | J10: During
A11: 45467 | B11: Instagram | C11: 809 | D11: 197 | E11: 87186 | F11: 9.48 | G11: 22619 | H11: =Engagement_Summary68[[#This Row],[New_Followers]]-Engagement_Summary68[[#This Row],[Unfollows]] -> 612 | I11: SummerBeats | J11: During
A12: 45467 | B12: Twitter | C12: 1371 | D12: 250 | E12: 128620 | F12: 7.11 | G12: 12399 | H12: =Engagement_Summary68[[#This Row],[New_Followers]]-Engagement_Summary68[[#This Row],[Unfollows]] -> 1121 | I12: SummerBeats | J12: During
A13: 45467 | B13: YouTube | C13: 844 | D13: 144 | E13: 126015 | F13: 9.65 | G13: 22456 | H13: =Engagement_Summary68[[#This Row],[New_Followers]]-Engagement_Summary68[[#This Row],[Unfollows]] -> 700 | I13: SummerBeats | J13: During
A14: 45474 | B14: Instagram | C14: 786 | D14: 72 | E14: 178615 | F14: 5.43 | G14: 19328 | H14: =Engagement_Summary68[[#This Row],[New_Followers]]-Engagement_Summary68[[#This Row],[Unfollows]] -> 714 | I14: SummerBeats | J14: During
A15: 45474 | B15: Twitter | C15: 845 | D15: 250 | E15: 218228 | F15: 4.52 | G15: 21107 | H15: =Engagement_Summary68[[#This Row],[New_Followers]]-Engagement_Summary68[[#This Row],[Unfollows]] -> 595 | I15: SummerBeats | J15: During
A16: 45474 | B16: YouTube | C16: 1218 | D16: 101 | E16: 300397 | F16: 4.33 | G16: 12277 | H16: =Engagement_Summary68[[#This Row],[New_Followers]]-Engagement_Summary68[[#This Row],[Unfollows]] -> 1117 | I16: SummerBeats | J16: During
A17: 45481 | B17: Instagram | C17: 797 | D17: 130 | E17: 340121 | F17: 8.52 | G17: 11684 | H17: =Engagement_Summary68[[#This Row],[New_Followers]]-Engagement_Summary68[[#This Row],[Unfollows]] -> 667 | I17: SummerBeats | J17: During
A18: 45481 | B18: Twitter | C18: 1471 | D18: 100 | E18: 76866 | F18: 8.55 | G18: 14412 | H18: =Engagement_Summary68[[#This Row],[New_Followers]]-Engagement_Summary68[[#This Row],[Unfollows]] -> 1371 | I18: SummerBeats | J18: During
A19: 45481 | B19: YouTube | C19: 1253 | D19: 136 | E19: 193131 | F19: 7.99 | G19: 15924 | H19: =Engagement_Summary68[[#This Row],[New_Followers]]-Engagement_Summary68[[#This Row],[Unfollows]] -> 1117 | I19: SummerBeats | J19: During
... A22: 45488 | B22: YouTube | C22: 981 | D22: 69 | E22: 206921 | F22: 8.42 | G22: 10495 | H22: =Engagement_Summary68[[#This Row],[New_Followers]]-Engagement_Summary68[[#This Row],[Unfollows]] -> 912 | I22: SummerBeats | J22: During
A23: 45495 | B23: Instagram | C23: 866 | D23: 74 | E23: 204121 | F23: 9.34 | G23: 7797 | H23: =Engagement_Summary68[[#This Row],[New_Followers]]-Engagement_Summary68[[#This Row],[Unfollows]] -> 792
A24: 45495 | B24: Twitter | C24: 547 | D24: 183 | E24: 266350 | F24: 5.65 | G24: 15595 | H24: =Engagement_Summary68[[#This Row],[New_Followers]]-Engagement_Summary68[[#This Row],[Unfollows]] -> 364
A25: 45495 | B25: YouTube | C25: 1241 | D25: 116 | E25: 380606 | F25: 4.2 | G25: 24617 | H25: =Engagement_Summary68[[#This Row],[New_Followers]]-Engagement_Summary68[[#This Row],[Unfollows]] -> 1125
A26: 45502 | B26: Instagram | C26: 973 | D26: 104 | E26: 376358 | F26: 3.87 | G26: 9847 | H26: =Engagement_Summary68[[#This Row],[New_Followers]]-Engagement_Summary68[[#This Row],[Unfollows]] -> 869
A27: 45502 | B27: Twitter | C27: 611 | D27: 197 | E27: 79423 | F27: 5.82 | G27: 13644 | H27: =Engagement_Summary68[[#This Row],[New_Followers]]-Engagement_Summary68[[#This Row],[Unfollows]] -> 414
A28: 45502 | B28: YouTube | C28: 983 | D28: 134 | E28: 352178 | F28: 3.55 | G28: 11421 | H28: =Engagement_Summary68[[#This Row],[New_Followers]]-Engagement_Summary68[[#This Row],[Unfollows]] -> 849
A29: 45509 | B29: Instagram | C29: 1449 | D29: 96 | E29: 200636 | F29: 9.92 | G29: 15613 | H29: =Engagement_Summary68[[#This Row],[New_Followers]]-Engagement_Summary68[[#This Row],[Unfollows]] -> 1353
A30: 45509 | B30: Twitter | C30: 752 | D30: 170 | E30: 132756 | F30: 8.17 | G30: 23900 | H30: =Engagement_Summary68[[#This Row],[New_Followers]]-Engagement_Summary68[[#This Row],[Unfollows]] -> 582
A31: 45509 | B31: YouTube | C31: 937 | D31: 179 | E31: 318098 | F31: 5.3 | G31: 5836 | H31: =Engagement_Summary68[[#This Row],[New_Followers]]-Engagement_Summary68[[#This Row],[Unfollows]] -> 758
A32: 45516 | B32: Instagram | C32: 1060 | D32: 83 | E32: 68724 | F32: 5.98 | G32: 5624 | H32: =Engagement_Summary68[[#This Row],[New_Followers]]-Engagement_Summary68[[#This Row],[Unfollows]] -> 977
A33: 45516 | B33: Twitter | C33: 1456 | D33: 265 | E33: 115505 | F33: 7.49 | G33: 10311 | H33: =Engagement_Summary68[[#This Row],[New_Followers]]-Engagement_Summary68[[#This Row],[Unfollows]] -> 1191
A34: 45516 | B34: YouTube | C34: 1109 | D34: 205 | E34: 276722 | F34: 9.38 | G34: 8274 | H34: =Engagement_Summary68[[#This Row],[New_Followers]]-Engagement_Summary68[[#This Row],[Unfollows]] -> 904
... A79: 45621 | B79: YouTube | C79: 1313 | D79: 159 | E79: 197183 | F79: 9.71 | G79: 6625 | H79: =Engagement_Summary68[[#This Row],[New_Followers]]-Engagement_Summary68[[#This Row],[Unfollows]] -> 1154
A80: 45628 | B80: Instagram | C80: 895 | D80: 87 | E80: 171271 | F80: 6.68 | G80: 23329 | H80: =Engagement_Summary68[[#This Row],[New_Followers]]-Engagement_Summary68[[#This Row],[Unfollows]] -> 808 | I80: Wrapped2024 | J80: During
A81: 45628 | B81: Twitter | C81: 1027 | D81: 156 | E81: 111293 | F81: 5.51 | G81: 7299 | H81: =Engagement_Summary68[[#This Row],[New_Followers]]-Engagement_Summary68[[#This Row],[Unfollows]] -> 871 | I81: Wrapped2024 | J81: During
A82: 45628 | B82: YouTube | C82: 990 | D82: 286 | E82: 351493 | F82: 7.97 | G82: 14496 | H82: =Engagement_Summary68[[#This Row],[New_Followers]]-Engagement_Summary68[[#This Row],[Unfollows]] -> 704 | I82: Wrapped2024 | J82: During
A83: 45635 | B83: Instagram | C83: 875 | D83: 264 | E83: 345631 | F83: 9.18 | G83: 25703 | H83: =Engagement_Summary68[[#This Row],[New_Followers]]-Engagement_Summary68[[#This Row],[Unfollows]] -> 611 | I83: Wrapped2024 | J83: During
A84: 45635 | B84: Twitter | C84: 599 | D84: 194 | E84: 105622 | F84: 6.44 | G84: 15108 | H84: =Engagement_Summary68[[#This Row],[New_Followers]]-Engagement_Summary68[[#This Row],[Unfollows]] -> 405 | I84: Wrapped2024 | J84: During
A85: 45635 | B85: YouTube | C85: 630 | D85: 248 | E85: 119054 | F85: 5.02 | G85: 18867 | H85: =Engagement_Summary68[[#This Row],[New_Followers]]-Engagement_Summary68[[#This Row],[Unfollows]] -> 382 | I85: Wrapped2024 | J85: During
A86: 45642 | B86: Instagram | C86: 1350 | D86: 233 | E86: 171670 | F86: 4.53 | G86: 17574 | H86: =Engagement_Summary68[[#This Row],[New_Followers]]-Engagement_Summary68[[#This Row],[Unfollows]] -> 1117 | I86: Wrapped2024 | J86: During
A87: 45642 | B87: Twitter | C87: 632 | D87: 155 | E87: 170432 | F87: 9.17 | G87: 12840 | H87: =Engagement_Summary68[[#This Row],[New_Followers]]-Engagement_Summary68[[#This Row],[Unfollows]] -> 477 | I87: Wrapped2024 | J87: During
A88: 45642 | B88: YouTube | C88: 1182 | D88: 83 | E88: 140300 | F88: 3.27 | G88: 21079 | H88: =Engagement_Summary68[[#This Row],[New_Followers]]-Engagement_Summary68[[#This Row],[Unfollows]] -> 1099 | I88: Wrapped2024 | J88: During
A89: 45649 | B89: Instagram | C89: 661 | D89: 94 | E89: 116538 | F89: 5.31 | G89: 23486 | H89: =Engagement_Summary68[[#This Row],[New_Followers]]-Engagement_Summary68[[#This Row],[Unfollows]] -> 567 | I89: Wrapped2024 | J89: During
A90: 45649 | B90: Twitter | C90: 1360 | D90: 227 | E90: 176902 | F90: 6.03 | G90: 5960 | H90: =Engagement_Summary68[[#This Row],[New_Followers]]-Engagement_Summary68[[#This Row],[Unfollows]] -> 1133 | I90: Wrapped2024 | J90: During
A91: 45649 | B91: YouTube | C91: 935 | D91: 85 | E91: 326821 | F91: 8.89 | G91: 13301 | H91: =Engagement_Summary68[[#This Row],[New_Followers]]-Engagement_Summary68[[#This Row],[Unfollows]] -> 850 | I91: Wrapped2024 | J91: During
... A94: 45656 | B94: YouTube | C94: 601 | D94: 64 | E94: 123272 | F94: 4.07 | G94: 14273 | H94: =Engagement_Summary68[[#This Row],[New_Followers]]-Engagement_Summary68[[#This Row],[Unfollows]] -> 537 | I94: Wrapped2024 | J94: During
A95: 45663 | B95: Instagram | C95: 613 | D95: 170 | E95: 139266 | F95: 6.06 | G95: 9247 | H95: =Engagement_Summary68[[#This Row],[New_Followers]]-Engagement_Summary68[[#This Row],[Unfollows]] -> 443
A96: 45663 | B96: Twitter | C96: 1340 | D96: 57 | E96: 155927 | F96: 7.79 | G96: 11972 | H96: =Engagement_Summary68[[#This Row],[New_Followers]]-Engagement_Summary68[[#This Row],[Unfollows]] -> 1283
A97: 45663 | B97: YouTube | C97: 953 | D97: 228 | E97: 258398 | F97: 9.05 | G97: 13314 | H97: =Engagement_Summary68[[#This Row],[New_Followers]]-Engagement_Summary68[[#This Row],[Unfollows]] -> 725
A98: 45670 | B98: Instagram | C98: 532 | D98: 65 | E98: 338561 | F98: 3.5 | G98: 14749 | H98: =Engagement_Summary68[[#This Row],[New_Followers]]-Engagement_Summary68[[#This Row],[Unfollows]] -> 467 | I98: ChillVibes | J98: During
A99: 45670 | B99: Twitter | C99: 1414 | D99: 60 | E99: 341856 | F99: 8.76 | G99: 6868 | H99: =Engagement_Summary68[[#This Row],[New_Followers]]-Engagement_Summary68[[#This Row],[Unfollows]] -> 1354 | I99: ChillVibes | J99: During
A100: 45670 | B100: YouTube | C100: 685 | D100: 165 | E100: 175860 | F100: 6.26 | G100: 6027 | H100: =Engagement_Summary68[[#This Row],[New_Followers]]-Engagement_Summary68[[#This Row],[Unfollows]] -> 520 | I100: ChillVibes | J100: During
A101: 45677 | B101: Instagram | C101: 601 | D101: 159 | E101: 327722 | F101: 3.33 | G101: 25267 | H101: =Engagement_Summary68[[#This Row],[New_Followers]]-Engagement_Summary68[[#This Row],[Unfollows]] -> 442 | I101: ChillVibes | J101: During
A102: 45677 | B102: Twitter | C102: 841 | D102: 295 | E102: 271638 | F102: 9.15 | G102: 5900 | H102: =Engagement_Summary68[[#This Row],[New_Followers]]-Engagement_Summary68[[#This Row],[Unfollows]] -> 546 | I102: ChillVibes | J102: During
A103: 45677 | B103: YouTube | C103: 1105 | D103: 261 | E103: 333851 | F103: 6.03 | G103: 11181 | H103: =Engagement_Summary68[[#This Row],[New_Followers]]-Engagement_Summary68[[#This Row],[Unfollows]] -> 844 | I103: ChillVibes | J103: During
A104: 45684 | B104: Instagram | C104: 566 | D104: 225 | E104: 368984 | F104: 9.82 | G104: 9592 | H104: =Engagement_Summary68[[#This Row],[New_Followers]]-Engagement_Summary68[[#This Row],[Unfollows]] -> 341 | I104: ChillVibes | J104: During
A105: 45684 | B105: Twitter | C105: 1149 | D105: 280 | E105: 167310 | F105: 3.7 | G105: 5291 | H105: =Engagement_Summary68[[#This Row],[New_Followers]]-Engagement_Summary68[[#This Row],[Unfollows]] -> 869 | I105: ChillVibes | J105: During
A106: 45684 | B106: YouTube | C106: 819 | D106: 101 | E106: 194811 | F106: 3.35 | G106: 22244 | H106: =Engagement_Summary68[[#This Row],[New_Followers]]-Engagement_Summary68[[#This Row],[Unfollows]] -> 718 | I106: ChillVibes | J106: During
A107: 45691 | B107: Instagram | C107: 795 | D107: 60 | E107: 314982 | F107: 7.31 | G107: 6824 | H107: =Engagement_Summary68[[#This Row],[New_Followers]]-Engagement_Summary68[[#This Row],[Unfollows]] -> 735 | I107: ChillVibes | J107: During
A108: 45691 | B108: Twitter | C108: 681 | D108: 158 | E108: 75960 | F108: 3.13 | G108: 24112 | H108: =Engagement_Summary68[[#This Row],[New_Followers]]-Engagement_Summary68[[#This Row],[Unfollows]] -> 523 | I108: ChillVibes | J108: During
A109: 45691 | B109: YouTube | C109: 534 | D109: 112 | E109: 360759 | F109: 4.89 | G109: 25478 | H109: =Engagement_Summary68[[#This Row],[New_Followers]]-Engagement_Summary68[[#This Row],[Unfollows]] -> 422 | I109: ChillVibes | J109: During
... A112: 45698 | B112: YouTube | C112: 536 | D112: 198 | E112: 174610 | F112: 7.85 | G112: 20572 | H112: =Engagement_Summary68[[#This Row],[New_Followers]]-Engagement_Summary68[[#This Row],[Unfollows]] -> 338 | I112: ChillVibes | J112: During
A113: 45705 | B113: Instagram | C113: 819 | D113: 95 | E113: 177376 | F113: 6.12 | G113: 14975 | H113: =Engagement_Summary68[[#This Row],[New_Followers]]-Engagement_Summary68[[#This Row],[Unfollows]] -> 724
A114: 45705 | B114: Twitter | C114: 681 | D114: 218 | E114: 198882 | F114: 7.16 | G114: 22234 | H114: =Engagement_Summary68[[#This Row],[New_Followers]]-Engagement_Summary68[[#This Row],[Unfollows]] -> 463
A115: 45705 | B115: YouTube | C115: 646 | D115: 290 | E115: 336383 | F115: 7.04 | G115: 6532 | H115: =Engagement_Summary68[[#This Row],[New_Followers]]-Engagement_Summary68[[#This Row],[Unfollows]] -> 356
A116: 45712 | B116: Instagram | C116: 645 | D116: 267 | E116: 346890 | F116: 3.71 | G116: 24858 | H116: =Engagement_Summary68[[#This Row],[New_Followers]]-Engagement_Summary68[[#This Row],[Unfollows]] -> 378
A117: 45712 | B117: Twitter | C117: 886 | D117: 250 | E117: 168170 | F117: 4.12 | G117: 13883 | H117: =Engagement_Summary68[[#This Row],[New_Followers]]-Engagement_Summary68[[#This Row],[Unfollows]] -> 636
A118: 45712 | B118: YouTube | C118: 978 | D118: 279 | E118: 368872 | F118: 6.82 | G118: 18654 | H118: =Engagement_Summary68[[#This Row],[New_Followers]]-Engagement_Summary68[[#This Row],[Unfollows]] -> 699
A119: 45719 | B119: Instagram | C119: 1444 | D119: 165 | E119: 116436 | F119: 8.22 | G119: 25234 | H119: =Engagement_Summary68[[#This Row],[New_Followers]]-Engagement_Summary68[[#This Row],[Unfollows]] -> 1279 | I119: IndieWaves | J119: During
A120: 45719 | B120: Twitter | C120: 1234 | D120: 228 | E120: 127502 | F120: 7.71 | G120: 6772 | H120: =Engagement_Summary68[[#This Row],[New_Followers]]-Engagement_Summary68[[#This Row],[Unfollows]] -> 1006 | I120: IndieWaves | J120: During
A121: 45719 | B121: YouTube | C121: 665 | D121: 187 | E121: 274567 | F121: 7.39 | G121: 22428 | H121: =Engagement_Summary68[[#This Row],[New_Followers]]-Engagement_Summary68[[#This Row],[Unfollows]] -> 478 | I121: IndieWaves | J121: During
A122: 45726 | B122: Instagram | C122: 631 | D122: 86 | E122: 295090 | F122: 7.89 | G122: 11911 | H122: =Engagement_Summary68[[#This Row],[New_Followers]]-Engagement_Summary68[[#This Row],[Unfollows]] -> 545 | I122: IndieWaves | J122: During
A123: 45726 | B123: Twitter | C123: 1159 | D123: 154 | E123: 194994 | F123: 6.39 | G123: 21900 | H123: =Engagement_Summary68[[#This Row],[New_Followers]]-Engagement_Summary68[[#This Row],[Unfollows]] -> 1005 | I123: IndieWaves | J123: During
A124: 45726 | B124: YouTube | C124: 950 | D124: 185 | E124: 340750 | F124: 6.77 | G124: 25542 | H124: =Engagement_Summary68[[#This Row],[New_Followers]]-Engagement_Summary68[[#This Row],[Unfollows]] -> 765 | I124: IndieWaves | J124: During
A125: 45733 | B125: Instagram | C125: 693 | D125: 129 | E125: 296031 | F125: 3.41 | G125: 7140 | H125: =Engagement_Summary68[[#This Row],[New_Followers]]-Engagement_Summary68[[#This Row],[Unfollows]] -> 564 | I125: IndieWaves | J125: During
A126: 45733 | B126: Twitter | C126: 576 | D126: 80 | E126: 345688 | F126: 4.11 | G126: 20474 | H126: =Engagement_Summary68[[#This Row],[New_Followers]]-Engagement_Summary68[[#This Row],[Unfollows]] -> 496 | I126: IndieWaves | J126: During
A127: 45733 | B127: YouTube | C127: 1274 | D127: 146 | E127: 263488 | F127: 9.58 | G127: 8698 | H127: =Engagement_Summary68[[#This Row],[New_Followers]]-Engagement_Summary68[[#This Row],[Unfollows]] -> 1128 | I127: IndieWaves | J127: During
A128: 45740 | B128: Instagram | C128: 818 | D128: 253 | E128: 184911 | F128: 3.39 | G128: 10402 | H128: =Engagement_Summary68[[#This Row],[New_Followers]]-Engagement_Summary68[[#This Row],[Unfollows]] -> 565 | I128: IndieWaves | J128: During
A129: 45740 | B129: Twitter | C129: 975 | D129: 162 | E129: 124497 | F129: 9.58 | G129: 26618 | H129: =Engagement_Summary68[[#This Row],[New_Followers]]-Engagement_Summary68[[#This Row],[Unfollows]] -> 813 | I129: IndieWaves | J129: During
A130: 45740 | B130: YouTube | C130: 1398 | D130: 97 | E130: 397607 | F130: 5.09 | G130: 7975 | H130: =Engagement_Summary68[[#This Row],[New_Followers]]-Engagement_Summary68[[#This Row],[Unfollows]] -> 1301 | I130: IndieWaves | J130: During
... A133: 45747 | B133: YouTube | C133: 1425 | D133: 58 | E133: 202234 | F133: 6.67 | G133: 18442 | H133: =Engagement_Summary68[[#This Row],[New_Followers]]-Engagement_Summary68[[#This Row],[Unfollows]] -> 1367 | I133: IndieWaves | J133: During
A134: 45754 | B134: Instagram | C134: 1417 | D134: 80 | E134: 340987 | F134: 6.13 | G134: 10104 | H134: =Engagement_Summary68[[#This Row],[New_Followers]]-Engagement_Summary68[[#This Row],[Unfollows]] -> 1337
A135: 45754 | B135: Twitter | C135: 1222 | D135: 208 | E135: 340098 | F135: 7.34 | G135: 21771 | H135: =Engagement_Summary68[[#This Row],[New_Followers]]-Engagement_Summary68[[#This Row],[Unfollows]] -> 1014
A136: 45754 | B136: YouTube | C136: 1071 | D136: 131 | E136: 254727 | F136: 6.87 | G136: 22191 | H136: =Engagement_Summary68[[#This Row],[New_Followers]]-Engagement_Summary68[[#This Row],[Unfollows]] -> 940
A137: 45761 | B137: Instagram | C137: 772 | D137: 82 | E137: 345659 | F137: 3.52 | G137: 27753 | H137: =Engagement_Summary68[[#This Row],[New_Followers]]-Engagement_Summary68[[#This Row],[Unfollows]] -> 690
A138: 45761 | B138: Twitter | C138: 1472 | D138: 137 | E138: 213950 | F138: 6.96 | G138: 23736 | H138: =Engagement_Summary68[[#This Row],[New_Followers]]-Engagement_Summary68[[#This Row],[Unfollows]] -> 1335
A139: 45761 | B139: YouTube | C139: 1472 | D139: 281 | E139: 258115 | F139: 7.23 | G139: 27393 | H139: =Engagement_Summary68[[#This Row],[New_Followers]]-Engagement_Summary68[[#This Row],[Unfollows]] -> 1191
A140: 45768 | B140: Instagram | C140: 585 | D140: 232 | E140: 321258 | F140: 7.42 | G140: 10343 | H140: =Engagement_Summary68[[#This Row],[New_Followers]]-Engagement_Summary68[[#This Row],[Unfollows]] -> 353
A141: 45768 | B141: Twitter | C141: 747 | D141: 261 | E141: 338650 | F141: 7.73 | G141: 25259 | H141: =Engagement_Summary68[[#This Row],[New_Followers]]-Engagement_Summary68[[#This Row],[Unfollows]] -> 486
A142: 45768 | B142: YouTube | C142: 1113 | D142: 224 | E142: 272989 | F142: 5.13 | G142: 24827 | H142: =Engagement_Summary68[[#This Row],[New_Followers]]-Engagement_Summary68[[#This Row],[Unfollows]] -> 889
A143: 45775 | B143: Instagram | C143: 1100 | D143: 117 | E143: 260204 | F143: 4.4 | G143: 11908 | H143: =Engagement_Summary68[[#This Row],[New_Followers]]-Engagement_Summary68[[#This Row],[Unfollows]] -> 983
A144: 45775 | B144: Twitter | C144: 751 | D144: 170 | E144: 283278 | F144: 3.49 | G144: 11005 | H144: =Engagement_Summary68[[#This Row],[New_Followers]]-Engagement_Summary68[[#This Row],[Unfollows]] -> 581
A145: 45775 | B145: YouTube | C145: 864 | D145: 50 | E145: 277445 | F145: 3.57 | G145: 26333 | H145: =Engagement_Summary68[[#This Row],[New_Followers]]-Engagement_Summary68[[#This Row],[Unfollows]] -> 814
... A201: 45908 | B201: Twitter | C201: 860 | D201: 244 | E201: 348686 | F201: 5.12 | G201: 11418 | H201: =Engagement_Summary68[[#This Row],[New_Followers]]-Engagement_Summary68[[#This Row],[Unfollows]] -> 616
